<?xml version="1.0" encoding="UTF-8"?>
<root>
  <item name="android.support.v7.app.ActionBar int getDisplayOptions()">
    <annotation name="android.support.annotation.IntDef">
      <val name="value" val="{android.support.v7.app.ActionBar.DISPLAY_USE_LOGO, android.support.v7.app.ActionBar.DISPLAY_SHOW_HOME, android.support.v7.app.ActionBar.DISPLAY_HOME_AS_UP, android.support.v7.app.ActionBar.DISPLAY_SHOW_TITLE, android.support.v7.app.ActionBar.DISPLAY_SHOW_CUSTOM}" />
      <val name="flag" val="true" />
    </annotation>
  </item>
  <item name="android.support.v7.app.ActionBar int getNavigationMode()">
    <annotation name="android.support.annotation.IntDef">
      <val name="value" val="{android.support.v7.app.ActionBar.NAVIGATION_MODE_STANDARD, android.support.v7.app.ActionBar.NAVIGATION_MODE_LIST, android.support.v7.app.ActionBar.NAVIGATION_MODE_TABS}" />
    </annotation>
  </item>
  <item name="android.support.v7.app.ActionBar void setCustomView(int) 0">
    <annotation name="android.support.annotation.LayoutRes" />
  </item>
  <item name="android.support.v7.app.ActionBar void setDisplayOptions(int) 0">
    <annotation name="android.support.annotation.IntDef">
      <val name="value" val="{android.support.v7.app.ActionBar.DISPLAY_USE_LOGO, android.support.v7.app.ActionBar.DISPLAY_SHOW_HOME, android.support.v7.app.ActionBar.DISPLAY_HOME_AS_UP, android.support.v7.app.ActionBar.DISPLAY_SHOW_TITLE, android.support.v7.app.ActionBar.DISPLAY_SHOW_CUSTOM}" />
      <val name="flag" val="true" />
    </annotation>
  </item>
  <item name="android.support.v7.app.ActionBar void setDisplayOptions(int, int) 0">
    <annotation name="android.support.annotation.IntDef">
      <val name="value" val="{android.support.v7.app.ActionBar.DISPLAY_USE_LOGO, android.support.v7.app.ActionBar.DISPLAY_SHOW_HOME, android.support.v7.app.ActionBar.DISPLAY_HOME_AS_UP, android.support.v7.app.ActionBar.DISPLAY_SHOW_TITLE, android.support.v7.app.ActionBar.DISPLAY_SHOW_CUSTOM}" />
      <val name="flag" val="true" />
    </annotation>
  </item>
  <item name="android.support.v7.app.ActionBar void setHomeActionContentDescription(int) 0">
    <annotation name="android.support.annotation.StringRes" />
  </item>
  <item name="android.support.v7.app.ActionBar void setHomeAsUpIndicator(int) 0">
    <annotation name="android.support.annotation.DrawableRes" />
  </item>
  <item name="android.support.v7.app.ActionBar void setIcon(int) 0">
    <annotation name="android.support.annotation.DrawableRes" />
  </item>
  <item name="android.support.v7.app.ActionBar void setLogo(int) 0">
    <annotation name="android.support.annotation.DrawableRes" />
  </item>
  <item name="android.support.v7.app.ActionBar void setNavigationMode(int) 0">
    <annotation name="android.support.annotation.IntDef">
      <val name="value" val="{android.support.v7.app.ActionBar.NAVIGATION_MODE_STANDARD, android.support.v7.app.ActionBar.NAVIGATION_MODE_LIST, android.support.v7.app.ActionBar.NAVIGATION_MODE_TABS}" />
    </annotation>
  </item>
  <item name="android.support.v7.app.ActionBar void setSubtitle(int) 0">
    <annotation name="android.support.annotation.StringRes" />
  </item>
  <item name="android.support.v7.app.ActionBar void setTitle(int) 0">
    <annotation name="android.support.annotation.StringRes" />
  </item>
  <item name="android.support.v7.app.ActionBar.Tab android.support.v7.app.ActionBar.Tab setContentDescription(int) 0">
    <annotation name="android.support.annotation.StringRes" />
  </item>
  <item name="android.support.v7.app.ActionBar.Tab android.support.v7.app.ActionBar.Tab setCustomView(int) 0">
    <annotation name="android.support.annotation.LayoutRes" />
  </item>
  <item name="android.support.v7.app.ActionBar.Tab android.support.v7.app.ActionBar.Tab setIcon(int) 0">
    <annotation name="android.support.annotation.DrawableRes" />
  </item>
  <item name="android.support.v7.app.ActionBar.Tab android.support.v7.app.ActionBar.Tab setText(int) 0">
    <annotation name="android.support.annotation.StringRes" />
  </item>
  <item name="android.support.v7.app.ActionBarActivity void setContentView(int) 0">
    <annotation name="android.support.annotation.LayoutRes" />
  </item>
</root>

